{
    "Logistic Regression": {
        "accuracy": 0.8852097130242825,
        "precision": 0.8489364940977845,
        "recall": 0.8518720830065888,
        "f1_macro": 0.8502850438322728,
        "f1_weighted": 0.884979038264665,
        "classification_report": {
            "0": {
                "precision": 0.8095238095238095,
                "recall": 0.8360655737704918,
                "f1-score": 0.8225806451612904,
                "support": 61.0
            },
            "1": {
                "precision": 0.9354838709677419,
                "recall": 0.9388489208633094,
                "f1-score": 0.9371633752244165,
                "support": 278.0
            },
            "2": {
                "precision": 0.8018018018018018,
                "recall": 0.7807017543859649,
                "f1-score": 0.7911111111111111,
                "support": 114.0
            },
            "accuracy": 0.8852097130242825,
            "macro avg": {
                "precision": 0.8489364940977845,
                "recall": 0.8518720830065888,
                "f1-score": 0.8502850438322728,
                "support": 453.0
            },
            "weighted avg": {
                "precision": 0.8848805163695144,
                "recall": 0.8852097130242825,
                "f1-score": 0.884979038264665,
                "support": 453.0
            }
        },
        "confusion_matrix": [
            [
                51,
                0,
                10
            ],
            [
                5,
                261,
                12
            ],
            [
                7,
                18,
                89
            ]
        ]
    },
    "XGBoost": {
        "accuracy": 0.9006622516556292,
        "precision": 0.9122287511922362,
        "recall": 0.824510710672187,
        "f1_macro": 0.8583416028500181,
        "f1_weighted": 0.8969324007844497,
        "classification_report": {
            "0": {
                "precision": 0.9761904761904762,
                "recall": 0.6721311475409836,
                "f1-score": 0.7961165048543689,
                "support": 61.0
            },
            "1": {
                "precision": 0.9072847682119205,
                "recall": 0.9856115107913669,
                "f1-score": 0.9448275862068966,
                "support": 278.0
            },
            "2": {
                "precision": 0.8532110091743119,
                "recall": 0.8157894736842105,
                "f1-score": 0.8340807174887892,
                "support": 114.0
            },
            "accuracy": 0.9006622516556292,
            "macro avg": {
                "precision": 0.9122287511922362,
                "recall": 0.824510710672187,
                "f1-score": 0.8583416028500181,
                "support": 453.0
            },
            "weighted avg": {
                "precision": 0.9029554959302527,
                "recall": 0.9006622516556292,
                "f1-score": 0.8969324007844497,
                "support": 453.0
            }
        },
        "confusion_matrix": [
            [
                41,
                8,
                12
            ],
            [
                0,
                274,
                4
            ],
            [
                1,
                20,
                93
            ]
        ]
    },
    "BiLSTM": {
        "accuracy": 0.7924944812362031,
        "precision": 0.7271970212246464,
        "recall": 0.7533079662240872,
        "f1_macro": 0.731972682424641,
        "f1_weighted": 0.7918670409180057,
        "classification_report": {
            "0": {
                "precision": 0.5833333333333334,
                "recall": 0.8032786885245902,
                "f1-score": 0.6758620689655173,
                "support": 61.0
            },
            "1": {
                "precision": 0.8808664259927798,
                "recall": 0.8776978417266187,
                "f1-score": 0.8792792792792793,
                "support": 278.0
            },
            "2": {
                "precision": 0.717391304347826,
                "recall": 0.5789473684210527,
                "f1-score": 0.6407766990291263,
                "support": 114.0
            },
            "accuracy": 0.7924944812362031,
            "macro avg": {
                "precision": 0.7271970212246464,
                "recall": 0.7533079662240872,
                "f1-score": 0.731972682424641,
                "support": 453.0
            },
            "weighted avg": {
                "precision": 0.7996618288189367,
                "recall": 0.7924944812362031,
                "f1-score": 0.7918670409180057,
                "support": 453.0
            }
        },
        "confusion_matrix": [
            [
                49,
                5,
                7
            ],
            [
                15,
                244,
                19
            ],
            [
                20,
                28,
                66
            ]
        ]
    },
    "FinBERT": {
        "accuracy": 0.9735099337748344,
        "precision": 0.9592808038075092,
        "recall": 0.9753556947367041,
        "f1_macro": 0.9668411100186359,
        "f1_weighted": 0.9737655110580514,
        "classification_report": {
            "0": {
                "precision": 0.9516129032258065,
                "recall": 0.9672131147540983,
                "f1-score": 0.959349593495935,
                "support": 61.0
            },
            "1": {
                "precision": 1.0,
                "recall": 0.9676258992805755,
                "f1-score": 0.9835466179159049,
                "support": 278.0
            },
            "2": {
                "precision": 0.9262295081967213,
                "recall": 0.9912280701754386,
                "f1-score": 0.9576271186440678,
                "support": 114.0
            },
            "accuracy": 0.9735099337748344,
            "macro avg": {
                "precision": 0.9592808038075092,
                "recall": 0.9753556947367041,
                "f1-score": 0.9668411100186359,
                "support": 453.0
            },
            "weighted avg": {
                "precision": 0.9749195387002217,
                "recall": 0.9735099337748344,
                "f1-score": 0.9737655110580514,
                "support": 453.0
            }
        },
        "confusion_matrix": [
            [
                59,
                0,
                2
            ],
            [
                2,
                269,
                7
            ],
            [
                1,
                0,
                113
            ]
        ]
    }
}